manufacturer_part_number,category_guess,material_or_color,invoice_desc,short_title,long_description,confidence_notes
KDFM404KPS,Dishwasher,Stainless Steel (SS),KDFM404KPS Dishwasher SS,KDFM404KPS Dishwasher,KDFM404KPS Dishwasher made of Stainless Steel,"Confident about manufacturer part number and material/color. Category guess is based on input, but could be other type of appliance. Manufacturer is provided as Appliance Dealers Cooperative (APPDE), but not derivable from input description."
PDSH4816AF,Dishwasher,Stainless Steel (SS),Dishwasher,PDSH4816AF Dishwasher,PDSH4816AF Dishwasher SS - Display Only,"Confident about manufacturer part number, category guess, and material/color due to explicit mention. Other fields derived directly from input, but manufacturer name not used as it was not present in the description itself, only in a separate field."
PDT715SYVFS,Dishwasher,Stainless Steel (SS),Ge Dishwasher SS,GE Dishwasher,"GE Dishwasher, Stainless Steel","Confident about manufacturer part number, category guess, and material/color based on input. Guessing 'GE' as the manufacturer name, as only 'Ge' is mentioned in the input. Manufacturer field provided, but not used as it does not match the input."
LDPH5554D,Appliance,not available in input,LG Dishwasher BSS,LG Dishwasher,LG Dishwasher BSS,"Confident about manufacturer part number and invoice description, category guess based on product name, manufacturer field does not match product description and seems to be distributor or seller information"
WDTS7024RZ,Dishwasher,Stainless Steel (SS),Dishwasher,WDTS7024RZ Dishwasher,WDTS7024RZ Dishwasher SS - Display Only,"Confident about the manufacturer part number, category guess, and material/color. The rest of the fields are directly derived from the input or are not available in input, hence not guessed."
PDD415PYYFS,Dishwasher,Stainless Steel (SS),GE Dishwasher SS,GE Dishwasher,GE Dishwasher in Stainless Steel,"Confident about the manufacturer part number and material/color. Category guess is based on the description, but it's a reasonable inference. The manufacturer field does not match the described brand (GE), but using provided field value as 'not available in input' is not applicable here, however the field value 'Appliance Dealers Cooperative (APPDE)' is noted, yet ignored in favor of the described brand for categorization purposes."
KDTS424SBE,Dishwasher,Bk (Black),Kitchen Aid Dishwasher,Kitchen Aid Dishwasher,Kitchen Aid Dishwasher Bk,"Confident about manufacturer part number, category guess based on 'Dishwasher' in input, color derived from 'Bk' as common abbreviation for Black, not available in input: detailed product features or manufacturer name confirmation beyond 'Kitchen Aid' as it conflicts with provided manufacturer field 'Appliance Dealers Cooperative (APPDE)'"
KDTS324SPS,Dishwasher,Stainless Steel (SS),Kitchen Aid Dishwasher SS,Kitchen Aid Dishwasher,Kitchen Aid Dishwasher SS,"Confident about manufacturer part number and material/color. Category guess is based on the word 'Dishwasher' in the input. Manufacturer is not available in input for this product, but given as 'Appliance Dealers Cooperative (APPDE)' which might be a distributor rather than the actual manufacturer."
KDPS624SJP,Dishwasher,Juniper,Dishwasher Juniper,KDPS624SJP Dishwasher,KDPS624SJP Dishwasher Juniper - Display Only,"Confident about manufacturer part number and category guess. Material or color is likely 'Juniper' but could be other attributes. Description and title are direct from input. Not enough information to determine other fields like weight, dimensions, etc. Manufacturer is available but not from the input description itself."
KDTS624SBE,Dishwasher,not available in input,Dishwasher BO Display Only,KDTS624SBE Dishwasher,KDTS624SBE Dishwasher BO Display Only,"Confident about manufacturer part number and category guess, as they are explicitly mentioned. Other fields are derived directly from input or marked as not available."
